name;last_name;age;city;detail_link;email
John;Hillnob;52;Oxford;https://scrapebook22.appspot.com/person/5066549580791808;john.hillnob@ninjamail.org
Linda;Mellonson;95;Leicester;https://scrapebook22.appspot.com/person/5076495651307520;linda.mellonson@ninyahoo.co
Mary;Nipson;54;Oxford;https://scrapebook22.appspot.com/person/5086441721823232;mary.nipson@ninyahoo.co
Jason;Castlenob;101;Cambridge;https://scrapebook22.appspot.com/person/5096363633147904;jason.castlenob@ninjamail.org
Diana;Castlebutter;67;Cambridge;https://scrapebook22.appspot.com/person/5119667588825088;diana.castlebutter@ninjamail.org
Mary;Gradnip;76;Oxford;https://scrapebook22.appspot.com/person/5157197281492992;mary.gradnip@hotsumo.com
John;Nipwhale;88;Newcastle;https://scrapebook22.appspot.com/person/5169618595348480;john.nipwhale@ninyahoo.co
John;Hillwhale;46;Newcastle;https://scrapebook22.appspot.com/person/5629499534213120;john.hillwhale@hotsumo.com
Tim;Nobwhale;71;Leicester;https://scrapebook22.appspot.com/person/5631986051842048;tim.nobwhale@hotsumo.com
Tim;Whalenob;22;Newcastle;https://scrapebook22.appspot.com/person/5634472569470976;tim.whalenob@dojobox.net
Anna;Castlemellon;57;London;https://scrapebook22.appspot.com/person/5639445604728832;anna.castlemellon@ninjamail.org
Diana;Castlecastle;96;Newcastle;https://scrapebook22.appspot.com/person/5644406560391168;diana.castlecastle@ninjamail.org
Diana;Nobsmith;57;Leicester;https://scrapebook22.appspot.com/person/5646239437684736;diana.nobsmith@ninyahoo.co
Carol;Whalenob;30;London;https://scrapebook22.appspot.com/person/5649050225344512;carol.whalenob@ninyahoo.co
Anna;Gradhill;25;London;https://scrapebook22.appspot.com/person/5649391675244544;anna.gradhill@hotsumo.com
John;Castlebutter;64;London;https://scrapebook22.appspot.com/person/5654313976201216;john.castlebutter@ninyahoo.co
Mary;Nobmellon;68;London;https://scrapebook22.appspot.com/person/5659313586569216;mary.nobmellon@ninjamail.org
Carol;Smithgrad;36;Newcastle;https://scrapebook22.appspot.com/person/5664248772427776;carol.smithgrad@dojobox.net
David;Hillcastle;24;London;https://scrapebook22.appspot.com/person/5668600916475904;david.hillcastle@ninyahoo.co
Maggie;Smithgrad;50;Newcastle;https://scrapebook22.appspot.com/person/5682617542246400;maggie.smithgrad@dojobox.net
Anna;Nipsmith;65;London;https://scrapebook22.appspot.com/person/5687539843203072;anna.nipsmith@ninyahoo.co
Diana;Underbutter;91;Leicester;https://scrapebook22.appspot.com/person/5707702298738688;diana.underbutter@ninyahoo.co
Maggie;Butterson;50;Leicester;https://scrapebook22.appspot.com/person/5712536552865792;maggie.butterson@ninjamail.org
Mary;Scotchnob;96;Leicester;https://scrapebook22.appspot.com/person/5715999101812736;mary.scotchnob@dojobox.net
Tim;Butternip;79;Oxford;https://scrapebook22.appspot.com/person/5720147234914304;tim.butternip@ninyahoo.co
John;Whalescotch;69;Oxford;https://scrapebook22.appspot.com/person/5722646637445120;john.whalescotch@hotsumo.com
Diana;Melloncastle;71;Newcastle;https://scrapebook22.appspot.com/person/5732568548769792;diana.melloncastle@ninyahoo.co
Diana;Scotchcastle;63;Oxford;https://scrapebook22.appspot.com/person/5741031244955648;diana.scotchcastle@ninyahoo.co
Carol;Smithsmith;66;Newcastle;https://scrapebook22.appspot.com/person/5752754626625536;carol.smithsmith@ninjamail.org
Mary;Castlenob;27;Newcastle;https://scrapebook22.appspot.com/person/6202395558150144;mary.castlenob@ninjamail.org
